{
    "dense/weights_quant/min:0": -2.5510921478271484,
    "dense_1/weights_quant/max:0": 2.8082308769226074,
    "dense_1/weights_quant/min:0": -4.0469512939453125,
    "dense_1/act_quant/max:0": 5.751363277435303,
    "dense/bias:0": {
        "value": [
            -0.06910859793424606,
            -0.002476369496434927,
            1.7287653684616089,
            -0.0056158932857215405,
            -0.006279207766056061
        ],
        "type": "ndarray"
    },
    "dense/act_quant/max:0": 2.925053119659424,
    "dense/weights_quant/max:0": 2.552704334259033,
    "dense/act_quant/min:0": 0.0,
    "dense_1/kernel:0": {
        "value": [
            [
                0.6875394582748413
            ],
            [
                -3.2789697647094727
            ],
            [
                2.8082308769226074
            ],
            [
                -4.0469512939453125
            ],
            [
                -3.6300392150878906
            ]
        ],
        "type": "ndarray"
    },
    "dense_1/bias:0": {
        "value": [
            0.9215832352638245
        ],
        "type": "ndarray"
    },
    "dense_1/act_quant/min:0": -6.067102432250977,
    "dense/kernel:0": {
        "value": [
            [
                0.049134641885757446,
                2.552704334259033,
                -1.2755589485168457,
                -1.801208734512329,
                -2.217918872833252
            ],
            [
                -0.2911049723625183,
                -2.5510921478271484,
                1.31584894657135,
                1.8005485534667969,
                2.209258794784546
            ]
        ],
        "type": "ndarray"
    }
}