{
    "dense/weights_quant/min:0": -2.5719306468963623,
    "dense/act_quant/min:0": 0.0,
    "dense/act_quant/max:0": 2.9824936389923096,
    "dense/kernel:0": {
        "value": [
            [
                1.2580993175506592,
                -2.428022623062134,
                3.005131721496582,
                0.18162548542022705,
                -0.3258674740791321
            ],
            [
                1.2514991760253906,
                2.8884785175323486,
                -2.5719306468963623,
                -0.5170083045959473,
                -0.7103450298309326
            ]
        ],
        "type": "ndarray"
    },
    "dense_1/weights_quant/max:0": 3.982525587081909,
    "dense_1/act_quant/max:0": 5.336196422576904,
    "dense_1/weights_quant/min:0": -2.8054733276367188,
    "dense/weights_quant/max:0": 3.005131721496582,
    "dense/bias:0": {
        "value": [
            -1.2604893445968628,
            -0.0020929526071995497,
            -0.024350758641958237,
            -0.1952722817659378,
            0.0
        ],
        "type": "ndarray"
    },
    "dense_1/bias:0": {
        "value": [
            -6.198695659637451
        ],
        "type": "ndarray"
    },
    "dense_1/act_quant/min:0": -6.201162815093994,
    "dense_1/kernel:0": {
        "value": [
            [
                -2.8054733276367188
            ],
            [
                3.982525587081909
            ],
            [
                3.8776674270629883
            ],
            [
                -0.14158512651920319
            ],
            [
                0.38677239418029785
            ]
        ],
        "type": "ndarray"
    }
}